{
  "version": "1.0",
  "defaultProvider": "cdnjs",
  "libraries": [
    {
      "library": "bootstrap@5.3.3",
      "destination": "wwwroot/lib/bootstrap/",
      "files": [
        "dist/css/bootstrap.min.css",
        "dist/css/bootstrap.min.css.map",
        "dist/js/bootstrap.bundle.min.js",
        "dist/js/bootstrap.bundle.min.js.map"
      ]
    },
    {
      "library": "jquery@3.7.1",
      "destination": "wwwroot/lib/jquery/",
      "files": [
        "dist/jquery.min.js",
        "dist/jquery.min.map"
      ]
    },
    {
      "provider": "jsdelivr",
      "library": "canvas-gauges@2.1.7",
      "destination": "wwwroot/lib/canvas-gauges/",
      "files": [
        "gauge.min.js"
      ]
    }
  ]
}